"date","VGT","VFH","VDE","VHT","VDC","VCR","VIS","VPU","VOX","VAW"
2013-05-10,1.0313,0.4,0.125,0.3704,0.86,0.1033,0.4173,1,0.907,1.1649
2013-05-17,0.825,0.7736,0.75,0.3488,0.9463,0.4698,0.4104,1.4138,0.0541,1.0381
2013-05-24,0.4167,1.029,0.4,0.5,1.1081,0.5277,0.3481,0.7838,0.0163,0.9758
2013-05-31,0.4483,1.058,1.45,0.4788,1.1228,0.5186,0.2513,1.1818,0.0191,0.8506
2013-06-07,0.5357,1.0092,1.5454,0.5163,1.1228,0.5896,0.2536,1.1471,0.0566,0.7413
2013-06-14,0.3704,0.8429,1.5454,0.5505,1.0378,0.5378,0.2433,1.1471,0.0556,0.7406
2013-06-21,0.7778,0.8718,1.4783,0.5714,0.9693,0.5584,0.3284,1.0833,0.0556,0.7296
2013-06-28,0.4931,0.1969,0.4681,0.5904,0.779,0.5036,0.1746,0.1064,0.0206,0.5339
2013-07-05,0.48,0.2,0.4583,0.5444,1.0105,0.4662,0.2,0.0943,0.0203,0.55
2013-07-12,0.5823,0.1886,0.3929,0.6118,0.5758,0.4167,0.3014,0.4793,0.0201,0.6074
2013-07-19,1.4043,0.2064,0.4821,0.6364,0.5958,0.6033,0.3333,0.5118,0.0903,0.6452
2013-07-26,0.875,0.1815,0.4894,0.5891,0.5,0.5682,0.1129,0.3968,0.1603,0.6883
2013-08-02,0.875,0.1738,0.5371,0.5429,0.4963,0.5631,0.1508,0.5942,0.1438,0.6795
2013-08-09,0.9583,0.2116,0.5345,0.5621,0.4686,0.5343,0.2061,0.5971,0.1623,0.656
2013-08-16,0.94,0.2298,0.5976,0.8256,0.5926,0.4993,0.1,0.5,0.2734,0.6716
2013-08-23,0.5588,0.1913,0.7568,0.6933,0.6996,0.5403,0.1207,0.482,0.7209,0.7615
2013-08-30,0.5833,0.2906,0.7237,0.6881,0.8008,0.4885,0.2461,0.4673,0.8085,0.7593
2013-09-06,0.4468,0.2904,0.7237,0.6858,0.7976,0.4824,0.2632,0.4573,0.9149,0.68
2013-09-13,0.2268,0.2991,0.7614,0.6464,0.6171,0.4573,0.2632,0.4573,0.8431,0.6667
2013-09-20,0.2316,0.5133,0.7156,0.4407,0.6868,0.7805,0.3015,0.4916,1.1333,0.6596
2013-09-27,0.0674,0.3621,0.4087,0.3936,0.2833,0.3859,0.3106,0.7047,1.2653,0.5086
2013-10-04,0.0652,1.1047,0.4298,0.4022,0.6011,0.3853,0.3111,0.6919,1.2453,0.4121
2013-10-11,0.1721,1.3014,0.5635,0.3533,0.6304,0.4272,0.2566,1.3911,2.7213,0.3736
2013-10-18,6.5625,1.1813,0.4649,0.3373,0.6034,0.4473,0.3404,1.3919,2.4084,0.3493
2013-10-25,2.5454,1.4854,0.82,0.5174,0.6936,0.3675,0.4184,0.6746,2.3028,0.3343
2013-11-01,1.4762,0.8202,0.8646,0.5025,0.6983,0.3496,0.9426,0.6683,2.3586,0.3591
2013-11-08,1.5238,2.2099,0.5207,0.52,0.8244,0.8136,0.4175,0.6864,2.4539,0.3586
2013-11-15,2.2381,2.9701,0.5056,0.5333,0.8656,0.8778,0.2649,0.6823,2.0926,0.4016
2013-11-22,5.6923,3.9159,1.0726,0.8736,0.5682,1.1084,0.2441,0.6683,0.323,0.4197
2013-11-29,3.8948,3.7466,0.811,0.8524,0.543,1.1606,0.2943,0.6164,0.3006,0.5438
2013-12-06,3.9583,1.5954,0.892,0.8433,0.6116,0.8509,0.2944,0.5258,0.2888,0.5218
2013-12-13,13.0833,1.7282,0.9745,0.8298,0.9954,0.7269,0.6414,1.4983,0.4189,0.632
2013-12-20,116.8636,2.4299,1.3616,0.8387,1.7589,0.9091,1.0748,1.6824,1.0738,0.4974
2013-12-27,77.2581,1.653,1.5703,1.47,0.6719,0.7171,6.9429,1.3234,1.2346,0.4769
2014-01-03,36.0909,1.577,1.6061,1.6176,0.8064,0.7126,5.9513,1.1525,1.3659,0.6056
2014-01-10,36.2879,1.5193,2.3834,1.5714,0.8217,0.7009,3.7539,1.2234,1.4583,0.6027
2014-01-17,34.5,1.4242,2.3008,0.765,0.6241,0.7329,3.2533,0.92,1.2301,0.4423
2014-01-24,0.3529,1.4019,1.7,0.9273,0.4025,0.6062,0.9118,0.4262,1.2454,0.5372
2014-01-31,0.4263,1.33,1.5338,0.5579,0.7791,0.5874,0.4865,1.2429,1.2593,0.5392
2014-02-07,0.8667,1.2161,1.4228,0.5403,0.7869,0.599,0.6667,1.0997,1.265,0.5108
2014-02-14,1.1429,1.7927,1.3377,0.5339,0.7903,0.592,0.9314,1.0831,1.3041,2.3961
2014-02-21,1.4375,1.7228,1.9438,0.5207,0.7513,0.6852,1.0314,0.9501,1.3387,2.3698
2014-02-28,2.2821,1.1178,0.9856,0.3642,0.2209,0.4753,1.3667,0.648,1.1613,2.4796
2014-03-07,2.0228,1.1659,0.9342,0.2836,0.1563,0.4909,1.1389,0.6435,1.0704,2.2534
2014-03-14,2.0682,1.0742,0.9598,0.3473,0.2302,0.5033,0.8571,1.0301,1.8581,2.2004
2014-03-21,1.717,1.09,0.9871,0.3665,0.2868,0.5596,0.8571,1.0407,2.0074,2.1869
2014-03-28,1.0656,0.4801,0.1781,0.8278,0.2135,0.3225,0.8919,0.5684,0.548,1.3683
2014-04-04,1.3333,0.4891,0.2382,0.8663,0.2191,0.2735,4.33,0.3741,0.2936,1.2066
2014-04-11,1.2319,0.5358,0.2513,0.9448,0.2345,0.2903,4.0849,0.3894,0.2846,1.2297
2014-04-18,1.3016,0.5808,0.1365,0.9209,0.4323,0.3044,7.3793,0.5295,0.562,1.2816
2014-04-25,0.75,0.5437,0.1255,0.7789,0.8359,0.2622,0.8182,1.1667,0.7853,2.4005
2014-05-02,0.5179,0.5643,0.1635,0.7437,0.8143,0.2682,0.8448,1.2374,0.68,2.5588
2014-05-09,0.5085,0.5679,0.1706,0.6245,0.8433,0.3065,0.8948,1.1603,0.6896,2.6332
2014-05-16,0.6458,0.7383,0.1343,0.4949,1.375,0.3159,0.7,1.5414,0.6468,2.6623
2014-05-23,0.7924,0.581,0.1619,0.3693,1.1741,0.3131,0.9535,1.75,0.929,2.7062
2014-05-30,0.8333,0.6041,0.1667,0.2796,1.2299,0.3014,0.6479,0.5384,0.8921,2.6324
2014-06-06,0.7647,0.6514,0.2011,0.2991,1.2258,0.3786,0.7014,0.5959,0.6119,2.5664
2014-06-13,0.9513,0.6706,0.1978,0.2267,1.2683,0.4256,0.8058,0.7238,0.5046,2.5628
2014-06-20,0.5652,0.7809,0.3146,0.2258,1.2336,0.626,0.896,0.8221,0.5087,2.361
2014-06-27,1.7755,0.5384,0.3104,0.246,0.9444,0.8213,0.6154,0.9122,0.6332,0.5363
2014-07-04,1.4033,0.5195,0.3,0.1991,1.0116,0.7752,0.6351,0.9121,0.6346,0.5318
2014-07-11,1.2535,0.5143,0.2828,0.1899,1.0613,0.7141,0.5845,0.8891,0.6504,0.47
2014-07-18,1.6029,0.5536,0.2828,0.1899,1.2409,0.7466,0.5608,0.9799,0.6173,0.5151
2014-07-25,1.3461,0.5249,0.2811,0.2346,1.9164,0.6321,0.3109,1.9289,0.5523,0.4279
2014-08-01,0.9241,0.4961,0.3466,0.2614,1.956,0.7083,0.3889,1.806,0.4759,0.4206
2014-08-08,0.8795,0.5864,0.5812,0.3048,1.3883,0.7371,0.4676,1.8259,0.5045,0.3789
2014-08-15,0.9084,0.5948,0.6059,0.3193,0.5886,0.7773,0.6736,1.7178,0.5616,0.6157
2014-08-22,0.8414,1.0106,0.6044,0.406,0.5813,0.9226,0.8333,2.0565,0.2072,0.8333
2014-08-29,0.8374,0.9769,0.6649,0.4271,0.6111,0.8829,0.7483,1.9839,0.2072,0.7069
2014-09-05,0.8374,0.7316,0.6719,0.5606,0.6196,0.9233,0.6509,2.0162,0.2319,0.6319
2014-09-12,0.8883,0.6156,0.6895,0.4803,0.6158,0.9643,0.6396,1.5299,0.2548,0.6486
2014-09-19,0.8476,0.6085,0.6736,0.4703,0.6134,0.8694,0.7439,1.5688,0.2769,0.6594
2014-09-26,0.8351,0.5761,0.5829,0.3686,0.5632,0.7843,0.8411,1.7386,0.1636,1.1049
2014-10-03,1.0731,0.6889,0.8233,0.3667,0.5695,0.8413,0.9934,1.6232,0.1637,1.0498
2014-10-10,1.0216,0.7165,0.8861,0.3801,0.6008,0.8969,1.012,1.6734,0.3494,0.9265
2014-10-17,0.86,0.7219,0.8028,0.606,0.5754,0.896,1.1479,1.6939,0.5475,1.0628
2014-10-24,0.7211,0.7478,0.5941,0.4447,0.5779,0.8531,1.9765,1.7794,0.3626,0.8554
2014-10-31,0.8385,0.7742,0.6178,0.4964,0.6584,0.7518,1.8369,1.6769,0.3346,0.8036
2014-11-07,0.8132,0.7802,0.7576,0.4761,0.6999,0.7531,2.2528,1.6,0.4286,1.5585
2014-11-14,1.0206,0.8101,0.8244,0.4753,0.7019,0.7351,2.39,1.5298,0.4316,1.5521
2014-11-21,1.0671,1.1304,0.7584,0.5448,0.7409,0.6991,2.5714,1.4141,0.5171,1.5263
2014-11-28,1.2459,0.8254,1.1772,0.6983,0.8994,1.0199,2.4,1.2928,0.5594,1.5597
2014-12-05,1.2126,0.8668,2.08,0.6983,0.9658,1.1229,2.6484,1.3013,0.5759,1.4667
2014-12-12,1.6567,0.9889,1.2378,0.6973,0.8847,1.1373,3,1.3425,0.8038,1.6293
2014-12-19,1.4046,1.1348,1.2723,0.6133,0.9563,1.2563,3.2873,2.4281,0.8363,2.047
2014-12-26,0.6648,0.5395,0.6623,0.6023,0.5381,0.5195,2.225,2.3728,0.4329,1.3333
2015-01-02,0.6859,0.5996,0.6182,0.7323,0.5668,0.5009,2.0185,2.2076,0.4201,1.0836
2015-01-09,0.7552,0.7417,0.6533,0.5797,0.6504,0.4801,2.0619,0.8079,0.4176,0.9642
2015-01-16,1.0183,0.8164,0.7185,0.9661,0.6495,0.4659,1.6689,0.8558,0.5471,1.0456
2015-01-23,0.5041,0.4242,0.7254,0.8753,0.4849,0.5438,0.6471,0.7409,0.6045,0.9934
2015-01-30,0.5684,0.4633,0.9013,0.7599,0.4967,0.5336,0.7598,0.7066,0.5122,0.9534
2015-02-06,0.56,0.4777,0.8301,0.7728,0.4584,0.5444,0.8414,0.6966,0.503,0.9583
2015-02-13,0.4286,0.5229,1.0357,0.7839,0.4539,0.542,0.8049,0.6892,0.6154,0.9974
2015-02-20,0.4195,0.5766,1.0274,0.8168,0.5035,0.466,0.7574,0.86,0.8455,1.0746
2015-02-27,0.5033,0.3947,0.8362,0.6864,0.4549,0.5149,0.5304,0.4976,0.3514,1.2377
2015-03-06,0.9648,0.4533,0.7752,0.6886,0.4748,0.5217,1.075,0.5278,0.3514,1.1973
2015-03-13,1.0441,0.5322,0.7929,0.8101,0.5446,0.603,1.4786,0.6285,0.75,1.1816
2015-03-20,0.9912,0.5431,0.7203,0.9444,0.5414,0.6191,1.3182,0.9418,0.8889,1.1081
2015-03-27,0.986,0.6364,0.4723,0.7419,0.6311,0.6713,1.1382,0.3271,0.7126,1.6821
2015-04-03,1.0936,0.7768,0.4569,0.5825,0.501,0.6179,1.128,0.3,0.8203,1.4709
2015-04-10,1.0423,0.8309,0.4286,0.5798,0.5333,0.6141,1.1,0.29,0.8111,1.2863
2015-04-17,1.0622,0.8283,0.5598,0.5771,0.5039,0.6345,0.3936,0.3035,0.7849,1.2891
2015-04-24,0.8662,0.8609,0.5845,0.4511,0.4659,0.4538,0.3793,0.2927,0.3894,1.1779
2015-05-01,0.8881,0.8396,0.5724,0.4699,0.4746,0.4688,0.4099,0.2774,0.3578,1.0747
2015-05-08,0.7874,0.8436,0.6187,0.4635,0.4771,0.5267,0.4689,0.071,0.3729,1.0988
2015-05-15,0.7697,0.9513,0.5338,0.3762,0.5076,0.5119,0.4561,0.0778,0.3826,1.1006
2015-05-22,1.1494,0.4421,1.5806,0.2981,0.3939,0.419,0.3943,0.0786,0.25,1.2159
2015-05-29,1.1494,0.4487,1.5946,0.3137,0.424,0.4131,0.3858,0.0783,0.2418,1.1993
2015-06-05,1.4221,0.4569,1.3966,0.3351,0.4478,0.4366,0.4036,0.1126,0.2178,1.1696
2015-06-12,1.8054,0.4544,1.1912,0.3652,0.419,0.4872,0.577,0.1098,0.1818,1.1414
2015-06-19,2.0618,0.4926,2.4933,0.3473,0.4441,0.5087,0.6268,0.1911,NA,1.0909
2015-06-26,1.9448,0.5324,2.1708,0.2673,0.5552,0.473,0.7089,0.8791,0.2178,0.6894
2015-07-03,2.0343,0.5368,2.5867,0.2238,0.5774,0.5308,0.7153,0.9541,0.2056,0.4919
2015-07-10,2.1438,0.5674,2.9143,0.2679,0.6323,0.5978,0.6966,0.6497,0.1982,0.4
2015-07-17,2.2267,0.5789,2.7131,0.2889,0.5034,0.548,0.3534,0.2037,0.1803,0.2911
2015-07-24,3.2308,0.5997,2.5556,0.4112,0.5266,0.5556,0.4169,0.2164,0.1984,0.3004
2015-07-31,3.3136,0.602,2.553,0.4727,0.5982,0.6074,0.4222,0.1776,0.1984,0.2674
2015-08-07,2.9328,0.6118,2.5556,0.4988,0.8005,0.5733,0.4163,0.2048,0.1951,0.2561
2015-08-14,2.6589,0.5937,2.5655,0.4494,0.8489,0.5593,0.428,0.21,0.189,0.25
2015-08-21,2.4483,0.5943,2.3059,0.4161,1.1196,0.5309,0.4461,0.2162,0.4609,0.2535
2015-08-28,2.5473,0.5238,5.2078,0.3599,0.7693,0.5256,0.462,0.2319,4,0.6503
2015-09-04,2.3063,0.5404,5.141,0.3754,0.8538,0.5179,0.4749,0.2466,2.4,0.7149
2015-09-11,2.1554,0.5788,4.9629,0.3486,0.751,0.5293,0.4701,0.2374,1.5352,0.722
2015-09-18,2.1646,0.7093,4.9629,0.3437,0.7105,0.5266,0.4701,0.3108,1.3133,0.4401
2015-09-25,1.9611,0.7459,1.191,0.418,1.0748,0.5652,0.1761,0.3283,1.2838,0.5109
2015-10-02,1.9782,0.4684,1.0392,0.3029,1.0198,0.5445,0.177,0.3594,1.1309,0.4474
2015-10-09,2.0439,0.4721,0.6163,0.2991,0.9201,0.5773,0.2044,0.3465,1.0215,0.4058
2015-10-16,2.1266,0.4692,0.7048,0.3494,0.9459,0.5493,0.1443,0.4294,1.0215,0.4026
2015-10-23,1.4667,0.3764,1.0841,0.3593,1.2463,0.5019,0.1045,0.4109,0.875,0.3374
2015-10-30,1.2453,0.3544,1.1062,0.3421,1.3004,0.4766,0.1061,1.0173,0.8854,0.3345
2015-11-06,1.2693,0.3234,1.0604,0.3591,1.3833,0.4939,0.1159,1.0343,0.8854,0.3264
2015-11-13,1.1731,0.3149,0.984,0.3413,1.3714,0.5098,0.1171,0.5687,0.8854,0.3796
2015-11-20,1.1731,0.3217,0.8978,0.3446,1.2614,0.5222,0.1247,1.1073,0.8763,0.4058
2015-11-27,0.6349,0.2406,0.7765,0.7487,1.2081,0.5226,0.1219,0.7426,0.3729,0.4286
2015-12-04,0.8889,0.2336,1.1176,0.7824,1.1636,0.5317,0.1231,0.714,NA,0.4088
2015-12-11,0.9219,0.2426,0.8291,0.8653,1.039,0.509,0.1494,0.7696,NA,0.3873
2015-12-18,0.8806,0.2876,0.9145,0.9659,1.0761,0.5005,0.1554,1.1696,0.1639,0.4473
2015-12-25,0.7888,0.4793,0.6,1.0299,0.6206,0.2989,0.1658,2.5242,0.0571,0.3333
2016-01-01,0.7,0.3816,0.7223,1.0238,0.6383,0.3586,0.256,2.4471,0.0571,0.3281
2016-01-08,0.7204,0.8563,0.3167,0.7925,0.6349,0.3963,0.2486,2.1919,0.2,0.2982
2016-01-15,1.0286,1.0255,0.304,0.75,0.5969,0.4003,0.2438,2.5234,0.7826,0.2828
2016-01-22,1.4546,1.1317,0.0662,0.6513,0.6663,0.3542,1.7869,2.449,0.8,0.4372
2016-01-29,1.2598,0.8622,0.0655,0.6471,0.6113,0.3527,2.2,2.2036,0.8718,0.3791
2016-02-05,1.1149,0.8746,0.0667,0.6043,0.7079,0.3406,3.8028,2.0219,0.8718,0.4313
2016-02-12,1.1023,1.2123,0.0696,0.6291,0.6841,0.3389,4.6129,1.9629,0.8718,0.5193
2016-02-19,1.0211,1.1932,0.0677,0.5101,0.6683,0.3577,4.1519,2.5929,0.8948,0.5788
2016-02-26,0.528,1.0833,0.0402,0.3843,0.8419,0.3008,1.5444,3.3828,0.3684,0.4959
2016-03-04,0.4503,0.9528,0.0401,0.3857,0.7583,0.3301,1.6399,3.0196,0.1429,0.536
2016-03-11,0.4539,1.094,0.0859,0.3688,0.732,0.3311,2.0357,2.8834,0.16,0.5147
2016-03-18,0.6964,1.0203,0.0793,0.3793,0.7686,0.4018,2.1453,3.3034,0.1509,0.8981
2016-03-25,0.8214,0.6784,0.1163,0.5239,1.0612,0.3193,1.1144,4.8728,0.0919,1.0154
2016-04-01,0.7829,0.6363,0.1209,0.5194,0.9966,0.2452,1.0996,2.989,0.0816,0.9241
2016-04-08,0.8283,0.7077,0.1211,0.5694,0.9849,0.2913,1.626,2.9463,0.0777,1.014
2016-04-15,0.8589,0.7168,0.1,0.5774,1.0347,0.2964,1.6486,1.9118,0.1,1.0839
2016-04-22,0.4876,0.7512,0.1385,0.495,0.767,0.1767,2.0741,2.9231,0.1848,0.9613
2016-04-29,0.4674,0.7298,0.1868,0.4688,0.5897,0.2562,2.8079,2.8788,0.1828,0.9701
2016-05-06,0.4616,0.7764,0.197,0.4375,0.7083,0.3049,2.6812,2.7143,0.1702,0.8109
2016-05-13,0.5471,0.8145,0.1924,0.4482,0.6798,0.3061,2.4979,2.1223,0.1539,0.7895
2016-05-20,0.5647,0.8683,0.1907,0.4159,0.812,0.3089,2.5939,2.0638,0.1569,0.7943
2016-05-27,0.6812,1.9298,0.1638,0.4857,0.7754,0.3364,2.2869,1.8253,0.1354,1.0387
2016-06-03,0.6812,1.8203,0.2819,0.4684,0.7374,0.3286,2.3193,1.7218,0.134,0.954
2016-06-10,0.6225,1.7738,0.2546,0.4444,0.786,0.3563,2.2355,1.2783,0.2211,0.9341
2016-06-17,0.6918,1.7714,0.3008,0.4877,1.025,0.3931,2.5563,1.2149,0.2072,0.9005
2016-06-24,0.5521,2.3412,0.2595,0.5042,0.6586,0.4256,3.2146,0.6842,0.2,0.7936
2016-07-01,0.5756,2.0307,0.3235,0.6939,0.674,0.5529,3.4141,0.4654,0.1984,0.6392
2016-07-08,0.5756,1.8889,0.3539,0.6478,0.7326,0.5737,3.4753,0.6036,0.1968,0.7723
2016-07-15,0.4714,1.7976,0.3889,0.6264,0.7503,0.7324,3.5586,0.7321,0.1558,0.9156
2016-07-22,0.4571,1.4406,0.3266,0.5947,0.6276,0.6893,1.3101,0.6588,0.157,0.9171
2016-07-29,0.449,1.4054,0.3266,0.5433,0.6808,0.6851,3.2804,0.7816,0.1583,0.8493
2016-08-05,0.4521,1.2905,0.3304,0.5017,0.7432,0.694,3.1188,1.4204,0.1583,0.852
2016-08-12,0.4583,1.1729,0.9198,0.462,0.7524,0.7013,2.7283,1.4239,0.1583,0.8498
2016-08-19,0.5506,1.0856,1.2353,0.3971,0.9187,0.7736,2.5762,1.4396,0.1293,0.6974
2016-08-26,0.9728,0.6588,1.0145,0.3801,0.8856,0.7182,0.891,1.4849,0.1912,0.7046
2016-09-02,0.9818,0.6419,1.0714,0.4613,0.8693,0.7431,0.9737,1.0638,0.3333,0.4099
2016-09-09,0.9238,0.6489,1.1,0.5184,0.8831,0.7179,1.0187,1.2737,0.2911,0.3504
2016-09-16,1.0943,0.6643,1.2464,0.5686,1.0627,0.7253,1.1581,1.3021,0.2697,0.5221
2016-09-23,1.5181,0.6209,0.962,0.4766,0.6071,0.5061,1.1324,0.2941,0.233,0.4377
2016-09-30,1.5542,0.681,1.1309,0.4518,0.6106,0.5199,0.9318,0.8734,0.2895,0.5719
2016-10-07,1.4338,0.661,0.9901,0.4261,0.5905,0.5669,0.9759,1.2674,0.2773,0.7365
2016-10-14,1.3636,0.7009,1.0198,0.3588,0.6719,0.6342,0.9605,1.2989,0.3729,0.6812
2016-10-21,1.2366,0.7306,1.1954,0.3759,0.6481,0.6264,0.953,0.9196,0.3438,0.6686
2016-10-28,1.1053,0.6923,1.2464,0.4053,0.574,0.5982,0.5563,0.38,0.7787,0.6736
2016-11-04,1.1968,0.6656,1.25,0.4005,0.6395,0.6253,0.5357,0.3846,0.7008,0.7519
2016-11-11,1.1774,0.5228,1.0976,0.3573,0.6466,0.5707,0.6284,0.6296,0.492,0.6354
2016-11-18,1.1324,0.5368,1.3433,0.4066,0.6534,0.5664,0.5404,0.6377,1.1414,0.5012
2016-11-25,1.5,0.1494,1.12,0.4311,0.6104,0.6196,0.4481,0.6863,4.5,0.8469
2016-12-02,0.75,0.1921,1.12,0.4118,0.5284,0.6169,0.5243,1.8036,4.3469,0.9825
2016-12-09,0.7684,0.2164,1.1915,0.2671,0.5466,0.6603,0.5114,1.5672,3.8167,0.9724
2016-12-16,0.7907,0.2695,2.4286,0.3979,1.0075,0.6496,0.7919,3.1111,6.0526,1.0641
2016-12-23,0.7053,0.2268,2.16,0.3923,0.6443,0.6119,0.5988,3.76,1.4039,0.929
2016-12-30,1.2826,0.2083,1.5429,0.4138,0.6634,0.5637,0.6774,4.56,1.4039,0.882
2017-01-06,1.0072,0.2206,1.5128,0.4196,0.7391,0.5582,0.6258,4.6296,1.4844,0.7371
2017-01-13,1.1268,0.2326,1.7143,0.426,0.7899,0.5917,0.6011,2.7021,1.403,0.6886
2017-01-20,0.8556,0.262,1.7143,0.4571,0.7623,0.5755,0.6338,2.6326,1.3104,0.5634
2017-01-27,0.949,0.2344,1.9,0.6287,0.5924,0.6111,0.6593,1.7917,0.975,0.585
2017-02-03,0.9897,0.2369,2.3414,0.6226,0.8308,0.5163,0.6667,1.6863,0.8842,0.5603
2017-02-10,0.9381,0.2287,2.3414,0.5654,1.3931,0.5009,0.6698,1.6863,0.9231,0.556
2017-02-17,0.5827,0.2778,2.3659,0.6401,1.2593,0.4827,0.6729,1.7551,0.9451,0.4807
2017-02-24,1.6949,0.6782,1.0689,0.3843,1.3509,0.4323,0.4546,1.5,0.5,0.4542
2017-03-03,2.0651,0.6443,0.9231,0.4946,1.4302,0.4658,0.3535,1.4694,1.0149,0.2486
2017-03-10,2.3058,0.7037,0.9231,0.4678,1.4129,0.4686,0.3562,1.7143,0.8571,0.2381
2017-03-17,1.5674,0.5348,1.2414,0.5033,1.3753,0.5456,0.3641,1.9184,0.8571,0.2433
2017-03-24,1.9301,0.4725,0.5,0.6809,1.9368,0.5431,0.3416,1.1389,0.8056,0.5151
2017-03-31,1.7026,0.5042,0.4103,0.7402,1.7733,0.5522,0.3571,1.2381,0.7922,0.5103
2017-04-07,1.6456,0.498,0.4,2.4299,1.6299,0.5107,0.3521,1.2381,0.7625,0.5263
2017-04-14,1.7808,0.5677,0.3659,1.0982,1.5097,0.5053,0.5343,1.2381,0.9513,0.52
2017-04-21,2.0354,0.5531,0.3488,1.4272,1.6044,0.4896,0.4553,1.4762,0.8864,0.5603
2017-04-28,3.0789,0.4871,0.3333,0.8774,1.8726,0.4031,0.4679,0.9762,1.0308,0.4191
2017-05-05,2.9747,0.4286,0.3333,0.9596,1.6992,0.4103,0.5231,0.9762,1.0308,0.5231
2017-05-12,9.5769,0.3906,0.3333,0.8973,1.5846,0.3986,0.5113,1,1.1231,0.4956
2017-05-19,10.5,0.3925,0.3333,0.5958,1.4913,0.4126,0.5701,1.0476,1.0769,0.5021
2017-05-26,10,0.3269,0.1429,0.0823,1.028,0.4187,0.5866,0.8684,0.3036,0.3514
2017-06-02,7.1667,0.4082,0.2223,0.2103,1.052,0.4063,0.5701,0.7674,0.2931,0.3664
2017-06-09,6.5789,0.7064,0.2963,0.2166,1.1124,0.4263,0.6652,0.7333,0.2538,0.4603
2017-06-16,2.94,0.3174,0.2963,0.2995,1.0115,0.6101,0.6082,0.7333,0.2538,0.4739
2017-06-23,3.2041,0.2615,0.2963,0.4045,1.6695,0.7297,0.6114,0.1875,0.2539,0.5985
2017-06-30,2.4259,0.3238,0.2051,0.415,1.2649,1.0963,0.8186,0.1396,0.3714,0.6203
2017-07-07,1.8448,0.3963,0.1539,0.2952,1.0473,1.3276,0.8229,0.1458,0.3714,0.6131
2017-07-14,1.6667,0.3986,0.1481,0.2919,1.0568,1.3641,0.7905,0.14,0.9583,0.5665
2017-07-21,1.48,0.429,0.1429,0.2875,0.9095,1.3648,0.7237,0.14,1.0513,0.5506
2017-07-28,0.9214,0.5404,0.1481,0.31,0.7909,1.0556,0.4261,0.3051,0.8806,0.2313
2017-08-04,0.9084,0.5309,0.1607,0.3109,0.7407,1.0593,0.5988,0.3276,0.6667,0.2073
2017-08-11,1.0276,0.5248,0.1607,0.3129,0.7613,1.0049,0.6309,0.3174,0.6517,0.191
2017-08-18,1.0278,0.4773,0.1607,0.3156,0.6874,0.6994,0.7874,0.2879,0.6304,0.2609
2017-08-25,1.8393,0.4558,0.15,0.3981,0.7476,0.6137,0.8074,0.2813,1.2632,0.3293
2017-09-01,1.7627,0.4427,0.1396,0.3983,0.7529,0.669,0.7764,0.2769,1.1163,0.3353
2017-09-08,1.9107,0.4256,0.1396,0.6644,0.7289,0.6574,0.85,0.2676,1.1163,0.3149
2017-09-15,1.8761,0.3723,0.1396,0.6929,0.7192,0.9283,0.875,0.1096,0.9412,0.3831
2017-09-22,2.466,0.3521,0.0833,0.6907,0.9516,1.0691,1.3438,0.2436,1.5313,0.4388
2017-09-29,2.43,0.4362,0.0869,0.6744,0.8756,1.0358,1.3766,0.2436,1.4849,0.4568
2017-10-06,1.9748,0.4338,0.0833,0.9408,0.9854,0.9972,1.4423,0.2436,1.4849,0.3794
2017-10-13,1.9106,0.4388,0.1034,0.9288,0.9939,1.0193,1.2423,0.2436,1.5151,0.5063
2017-10-20,1.7852,0.5856,0.075,0.9276,0.701,0.9352,1.0909,0.3816,1.4706,0.484
2017-10-27,1.8859,0.5651,0.2566,0.6636,0.7718,0.8043,1.4857,0.3115,0.75,0.5721
2017-11-03,2.2213,0.7059,0.2339,0.6669,0.7302,0.8918,1.6981,0.3948,0.75,0.5551
2017-11-10,1.947,0.7002,0.2148,0.7326,0.6818,0.9729,1.4167,0.3488,0.775,0.4843
2017-11-17,1.9928,0.7548,0.1987,0.8829,0.6419,0.8965,0.7945,0.3981,0.7733,0.4753
2017-11-24,1.8682,0.5809,0.2857,1.2306,0.6951,0.9273,0.4523,0.4667,1.1429,0.4116
2017-12-01,1.8321,0.6639,0.3786,1.2668,0.6681,0.8815,0.417,0.408,1.8,0.3969
2017-12-08,1.8231,0.6587,0.3593,1.3213,0.6621,0.8685,0.4883,0.3984,1.0649,0.4399
2017-12-15,2.3814,0.8511,0.4,1.4706,0.6248,1.3829,0.5473,0.8316,1.7736,0.8274
2017-12-22,2.0446,0.6844,0.6033,1.3403,0.3148,0.7674,0.2756,0.5591,0.7556,0.7434
2017-12-29,2.1339,0.7782,0.6563,1.3272,0.3136,0.7113,0.2703,0.7429,0.7556,0.6371
2018-01-05,2.944,0.6818,0.6793,1.2483,0.2793,0.8296,0.2589,0.5036,0.7473,0.5833
2018-01-12,2.9098,0.6674,0.6124,1.23,0.2724,0.8383,0.3049,0.5448,0.7359,0.6096
2018-01-19,2.9134,0.8004,0.771,1.2315,0.2726,0.9074,0.3654,0.4651,0.9903,0.4553
2018-01-26,3.2879,0.8773,0.7736,1.25,0.3609,0.9022,0.4906,0.3248,0.6977,0.4766
2018-02-02,3.2388,0.8521,0.8984,1.5151,0.4946,0.9347,0.5083,0.4343,0.6194,0.6392
2018-02-09,2.28,0.9556,0.7928,0.9356,0.5845,0.9373,0.5039,0.4223,0.5,0.7645
2018-02-16,1.9167,0.9364,0.6817,0.9291,0.5551,0.8235,0.3792,0.3766,0.0192,0.6333
2018-02-23,2.0625,1.4107,0.5294,0.5138,0.5831,0.9381,0.4691,0.178,0.0367,0.8763
2018-03-02,1.9879,1.4532,0.5324,0.5284,0.5779,0.8722,0.5093,0.2031,0.0089,0.6703
2018-03-09,1.9311,1.2656,0.6191,0.5025,0.6018,0.8808,0.5031,0.2143,0.0485,0.6446
2018-03-16,1.7143,1.8973,0.6784,0.5054,0.6183,1.2644,0.4853,0.3391,0.0704,0.6497
2018-03-23,1.2149,0.9769,0.5185,0.4565,0.8,0.7989,0.4051,0.2551,0.3166,0.6944
2018-03-30,1.2605,0.859,0.4618,0.5239,0.7826,0.7686,0.3792,0.2727,0.3262,0.708
2018-04-06,1.1129,0.8551,0.4116,0.5075,0.6987,0.721,0.3382,0.2752,0.2919,0.7261
2018-04-13,1.0149,0.8974,0.4194,0.4379,0.6259,0.7051,0.341,0.2326,0.2892,0.7407
2018-04-20,1.015,0.8296,0.4355,0.4211,0.5872,0.6427,0.3012,0.2326,0.2952,0.683
2018-04-27,0.9915,0.8218,0.4392,0.4389,0.558,0.5043,0.4619,0.2679,0.3459,0.6077
2018-05-04,1.0085,0.829,0.3486,0.4321,0.5741,0.5258,0.5973,0.2679,0.3602,0.5745
2018-05-11,0.9462,0.8774,0.3541,0.4359,0.3979,0.5231,0.5859,0.3077,0.3393,0.5688
2018-05-18,0.8681,0.8611,0.3614,0.4381,0.3964,0.5076,0.4925,0.3053,0.3314,0.607
2018-05-25,0.9365,0.7897,1.0204,0.0998,0.4023,0.5084,0.5824,0.2632,1.1778,0.6265
2018-06-01,1.1066,0.838,1.0102,0.1515,0.4103,0.4905,0.55,0.3421,1.1915,0.5182
2018-06-08,1.1654,0.8715,1.0101,0.1401,0.4046,0.5183,0.4858,0.3377,0.8889,0.5177
2018-06-15,1.0604,0.9265,1.0619,0.2283,0.4121,0.5139,0.546,0.4,0.7763,0.3994
2018-06-22,1.1351,0.6763,1.1368,0.177,0.5337,0.3986,0.6866,0.8358,0.9362,0.502
2018-06-29,0.7891,0.7534,1.0208,0.1759,0.5216,0.4159,0.7572,1.0704,0.7857,0.5147
2018-07-06,0.76,0.7185,1,0.1881,0.5034,0.3364,0.7284,1.0556,0.8364,0.4609
2018-07-13,0.922,0.7709,1.0202,0.1802,0.5087,0.3613,0.6369,1.1692,0.875,0.4762
2018-07-20,0.9028,0.7765,1.01,0.1909,0.5325,0.4093,0.6253,1.7907,0.8448,0.4358
2018-07-27,0.6386,1.0828,0.7573,0.1906,0.6095,0.4543,1.0294,2.3556,0.6615,0.2771
2018-08-03,0.5146,1.0501,0.7429,0.1824,0.617,0.4665,1.1103,2.0784,1.027,0.3871
2018-08-10,0.4771,0.8924,0.7217,0.1804,0.6231,0.5,0.9509,2.0784,0.7273,0.3709
2018-08-17,0.4771,0.9294,0.7143,0.2032,0.6466,0.4823,0.8516,2.2308,0.5897,0.3459
2018-08-24,0.5313,0.9369,0.2444,0.2557,0.6116,0.6,1.339,2,0.0714,0.3612
2018-08-31,0.6275,0.9466,0.25,0.2429,0.5957,0.5933,1.3466,1.9811,0.1111,0.3776
2018-09-07,0.6727,0.8946,0.2453,0.2407,0.6178,0.629,1.4167,2.1,0.1029,0.389
2018-09-14,0.4839,0.8315,0.3571,0.2456,0.588,0.6242,1.4639,2.2083,0.0946,0.3846
2018-09-21,0.5357,0.7847,0.2885,0.2168,0.9724,0.7512,1.4731,2.3043,0.0921,0.537
2018-09-28,0.8384,0.7517,0.2157,0.2245,1.0643,0.5935,2.2736,1.7917,0.0635,0.5163
2018-10-05,0.7119,0.7091,0.2353,0.2102,1.162,0.5932,1.8962,1.5926,0.0625,0.5382
2018-10-12,0.9437,0.6641,0.4386,0.2339,1.2977,0.6211,1.4795,1.9355,0.0769,0.641
2018-10-19,0.8428,0.6349,0.2903,0.3095,1.339,0.564,1.5306,1.9744,0.087,0.6364
2018-10-26,0.7376,0.6826,0.2778,0.4316,1.391,0.6667,0.7207,1.4444,0.0909,0.6571
2018-11-02,0.5699,0.6995,0.3148,0.4595,1.3299,2.2241,0.66,1.6667,0.0909,0.6857
2018-11-09,0.6017,0.6926,0.2321,0.4305,1.1997,1.8698,0.6346,1.6346,0.1194,0.6771
2018-11-16,0.6473,0.6722,0.1228,0.3658,1.1834,1.815,0.8113,1.6154,0.2537,0.7124
2018-11-23,0.6371,0.405,0.2143,0.4412,1.2177,2.2784,0.896,2.0238,0.5532,0.6597
2018-11-30,0.6542,0.3941,0.2143,0.4539,1.1877,2.0949,0.8708,1.9524,0.5306,0.6216
2018-12-07,0.6488,0.5202,0.1613,0.4851,1.2497,1.8515,0.8611,2.5814,0.3,0.5452
2018-12-14,0.2921,0.4086,0.0968,0.4749,1.1521,2.9462,0.6497,2.814,0.4184,1.056
2018-12-21,0.2797,0.3175,0.1143,0.4234,0.7027,2.1196,0.6364,1.098,0.0281,0.6667
2018-12-28,0.2769,0.3389,0.129,0.4152,0.5963,1.7024,0.4845,1.1818,0.0326,0.3539
2019-01-04,0.2763,0.2888,0.0625,0.5045,2.7496,2.0848,0.4753,3.6818,0.0319,0.2744
2019-01-11,0.3046,0.3,0.0682,0.4791,2.6731,2.1972,0.4393,2.5152,0.0158,0.736
2019-01-18,0.5958,0.3239,0.0455,0.4586,2.4969,2.0864,0.4426,2.7273,0.0665,0.9099
2019-01-25,1.4545,0.3763,0.0435,0.5152,1.1356,2.4077,0.2778,2.9722,0.1235,0.8667
2019-02-01,1.3333,0.3961,0.0426,0.4609,1.1465,2.2913,0.25,2.6596,0.1095,0.8373
2019-02-08,1.0157,0.4297,0.2222,0.3537,1.1515,2.1983,0.123,2.5472,0.1134,0.8179
2019-02-15,0.7975,0.4407,0.2,0.336,1.3517,2.1505,0.0421,1.6707,0.1118,0.7787
2019-02-22,0.6447,0.6821,0.234,0.3681,1.2777,2.0149,0.0511,1.6829,0.2877,0.373
2019-03-01,0.6027,0.6377,0.3056,0.3557,1.2284,1.92,0.0562,1.3019,0.2973,0.3892
2019-03-08,0.6047,0.7344,0.4074,0.3645,1.2468,1.8472,0.0769,1.3178,0.2616,0.3378
2019-03-15,0.4802,0.6981,0.3729,0.3666,0.9555,1.8816,0.0543,0.7576,0.2539,0.3116
2019-03-22,0.4506,0.8251,0.7872,0.3555,1.0585,0.6152,0.0861,0.2967,0.1894,0.2204
2019-03-29,0.4332,0.8411,0.9268,0.4278,1.0349,0.6715,0.0848,0.5436,0.2379,0.5681
2019-04-05,0.4499,0.9897,0.8837,0.4046,0.995,0.6942,0.0895,0.559,0.2831,0.5522
